apps/examples/libcoap/server/libcoap-server.c	590	signal(SIGINT, handle_sigint);
apps/examples/nettest/linux_server/server_sample.c	154	signal(SIGPIPE, SIG_IGN);
apps/examples/rtc/rtc_main.c	379	sa_sigaction = alarm_handler;
apps/examples/rtc/rtc_main.c	383	sigaction(RTC_ALARM_SIGNO, &act, NULL);
apps/examples/testcase/le_tc/drivers/tc_rtc.c	193	sa_sigaction = alarm_handler;
apps/examples/testcase/le_tc/drivers/tc_rtc.c	197	sigaction(SIG, &act, NULL);
apps/examples/testcase/le_tc/kernel/tc_libc_signal.c	265	sigset(MAX_SIGNO + 1, SIG_DFL);
apps/examples/testcase/le_tc/kernel/tc_libc_signal.c	268	sigset(SIG1, SIG_DFL);
apps/examples/testcase/le_tc/kernel/tc_libc_signal.c	271	sigset(SIG2, SIG_IGN);
apps/examples/testcase/le_tc/kernel/tc_libc_signal.c	292	signal(MAX_SIGNO + 1, SIG_DFL);
apps/examples/testcase/le_tc/kernel/tc_libc_signal.c	295	signal(SIG1, SIG_DFL);
apps/examples/testcase/le_tc/kernel/tc_libc_signal.c	298	signal(SIG2, SIG_IGN);
apps/examples/testcase/le_tc/kernel/tc_mqueue.c	680	sa_handler = mq_notify_handler;
apps/examples/testcase/le_tc/kernel/tc_mqueue.c	683	sigaction(SIGUSR1, &sa, NULL);
apps/examples/testcase/le_tc/kernel/tc_mqueue.c	698	sa_handler = mq_notify_handler;
apps/examples/testcase/le_tc/kernel/tc_mqueue.c	700	sigaction(SIGUSR1, &sa, NULL);
apps/examples/testcase/le_tc/kernel/tc_pthread.c	231	sa_sigaction = (void *)sighand;
apps/examples/testcase/le_tc/kernel/tc_pthread.c	236	sigaction(SIGUSR1, &act, NULL);
apps/examples/testcase/le_tc/kernel/tc_pthread.c	241	sa_handler = SIG_DFL;
apps/examples/testcase/le_tc/kernel/tc_pthread.c	242	sigaction(SIGUSR1, &act, NULL);
apps/examples/testcase/le_tc/kernel/tc_pthread.c	1388	sa_handler = sigmask_handler;
apps/examples/testcase/le_tc/kernel/tc_pthread.c	1390	sigaction(SIGQUIT, &st_act, &st_oact);
apps/examples/testcase/le_tc/kernel/tc_pthread.c	1422	sigaction(SIGQUIT, &st_oact, NULL);
apps/examples/testcase/le_tc/kernel/tc_signal.c	173	sa_handler = sigaction_handler;
apps/examples/testcase/le_tc/kernel/tc_signal.c	177	sigaction(SIGINT, &st_act, &st_oact);
apps/examples/testcase/le_tc/kernel/tc_signal.c	180	sa_handler = NULL;
apps/examples/testcase/le_tc/kernel/tc_signal.c	182	sigaction(SIGINT, &st_oact, &st_act);
apps/examples/testcase/le_tc/kernel/tc_signal.c	450	sa_handler = sigquit_handler;
apps/examples/testcase/le_tc/kernel/tc_signal.c	452	sigaction(SIGQUIT, &st_act, &st_oact), OK);
apps/examples/testcase/le_tc/kernel/tc_signal.c	480	sigaction(SIGQUIT, &st_oact, NULL), OK);
apps/examples/testcase/le_tc/kernel/tc_signal.c	501	sa_sigaction = sigint_handler;
apps/examples/testcase/le_tc/kernel/tc_signal.c	505	sigaction(SIGINT, &st_act, &st_oact), ERROR);
apps/examples/testcase/le_tc/kernel/tc_signal.c	517	sigaction(SIGINT, &st_oact, NULL), ERROR);
apps/examples/testcase/le_tc/stress/stress_mm_sem_signal.c	263	sa_handler = mm_signal_handler;
apps/examples/testcase/le_tc/stress/stress_mm_sem_signal.c	265	sigaction(SIGUSR1, &action, &old_action) != 0) { printf( , errno);
apps/examples/testcase/le_tc/stress/stress_mm_sem_signal.c	295	sigaction(SIGUSR1, &old_action, NULL);
apps/examples/testcase/ostest/ostest_main.c	331	sa_handler = SIG_IGN;
apps/examples/testcase/ostest/ostest_main.c	333	sigaction(SIGCHLD, &sa, NULL);
apps/examples/testcase/ostest/sighand.c	172	sa_sigaction = wakeup_action;
apps/examples/testcase/ostest/sighand.c	178	sigaction(WAKEUP_SIGNAL, &act, &oact);
apps/examples/testcase/ostest/sighand.c	219	sa_handler = SIG_DFL;
apps/examples/testcase/ostest/sighand.c	220	sigaction(WAKEUP_SIGNAL, &act, &oact);
apps/examples/testcase/ostest/sighand.c	265	sa_sigaction = death_of_child;
apps/examples/testcase/ostest/sighand.c	271	sigaction(SIGCHLD, &act, &oact);
apps/examples/testcase/ostest/sighand.c	359	sa_handler = SIG_DFL;
apps/examples/testcase/ostest/sighand.c	360	sigaction(SIGCHLD, &act, &oact);
apps/examples/testcase/ostest/signest.c	183	sa_handler = waiter_action;
apps/examples/testcase/ostest/signest.c	199	sigaction(i, &act, NULL);
apps/examples/testcase/ostest/signest.c	209	sa_handler = interfere_action;
apps/examples/testcase/ostest/signest.c	212	sigaction(MAX_SIGNO, &act, NULL);
apps/examples/testcase/ostest/signest.c	607	signal(i, SIG_DFL);
apps/system/cu/cu_main.c	292	sa_handler = sigint;
apps/system/cu/cu_main.c	293	sigaction(SIGINT, &sa, NULL);
apps/system/cu/cu_main.c	294	sigaction(SIGTERM, &sa, NULL);
apps/system/cu/cu_main.c	295	sigaction(SIGKILL, &sa, NULL);
external/curl/hostip.c	634	sigaction(SIGALRM, NULL, &sigact);
external/curl/hostip.c	637	sa_handler = alarmfunc;
external/curl/hostip.c	643	sigaction(SIGALRM, &sigact, NULL);
external/curl/hostip.c	647	signal(SIGALRM, alarmfunc);
external/curl/hostip.c	681	sigaction(SIGALRM, &keep_sigact, NULL);
external/curl/hostip.c	686	signal(SIGALRM, keep_sigact);
external/curl/sigpipe.h	51	sigaction(SIGPIPE, NULL, &ig->old_pipe_act);
external/curl/sigpipe.h	54	sa_handler = SIG_IGN;
external/curl/sigpipe.h	55	sigaction(SIGPIPE, &action, NULL);
external/curl/sigpipe.h	68	sigaction(SIGPIPE, &ig->old_pipe_act, NULL);
external/curl/transfer.c	1360	signal(SIGPIPE, SIG_IGN);
external/curl/transfer.c	1400	signal(SIGPIPE, data->state.prev_signal);
external/gmock/fused-src/gmock-gtest-all.cc	7539	sa_handler = SIG_IGN;
external/gmock/fused-src/gmock-gtest-all.cc	7540	sigaction( SIGPROF, &ignore_sigprof_action, &saved_sigprof_action));
external/gmock/fused-src/gmock-gtest-all.cc	7583	sigaction(SIGPROF, &saved_sigprof_action, NULL));
external/gmock/gtest/fused-src/gtest/gtest-all.cc	7539	sa_handler = SIG_IGN;
external/gmock/gtest/fused-src/gtest/gtest-all.cc	7540	sigaction( SIGPROF, &ignore_sigprof_action, &saved_sigprof_action));
external/gmock/gtest/fused-src/gtest/gtest-all.cc	7583	sigaction(SIGPROF, &saved_sigprof_action, NULL));
external/gmock/gtest/src/gtest-death-test.cc	1045	sa_handler = SIG_IGN;
external/gmock/gtest/src/gtest-death-test.cc	1046	sigaction( SIGPROF, &ignore_sigprof_action, &saved_sigprof_action));
external/gmock/gtest/src/gtest-death-test.cc	1089	sigaction(SIGPROF, &saved_sigprof_action, NULL));
external/gmock/gtest/test/gtest-death-test_test.cc	391	sa_sigaction = SigprofAction;
external/gmock/gtest/test/gtest-death-test_test.cc	393	sigaction(SIGPROF, &signal_action, NULL));
external/gmock/gtest/test/gtest-death-test_test.cc	406	sa_handler = SIG_IGN;
external/gmock/gtest/test/gtest-death-test_test.cc	407	sigaction(SIGPROF, &signal_action, old_signal_action));
external/gmock/gtest/test/gtest-death-test_test.cc	417	sa_sigaction == SigprofAction);
external/gmock/gtest/test/gtest-death-test_test.cc	426	sa_sigaction == SigprofAction);
external/grpc/src/core/lib/iomgr/ev_epollsig_linux.cc	960	signal(grpc_wakeup_signal, sig_handler);
external/iotivity/iotivity_1.2-rel/extlibs/gtest/gtest-1.7.0/fused-src/gtest/gtest-all.cc	7539	sa_handler = SIG_IGN;
external/iotivity/iotivity_1.2-rel/extlibs/gtest/gtest-1.7.0/fused-src/gtest/gtest-all.cc	7540	sigaction( SIGPROF, &ignore_sigprof_action, &saved_sigprof_action));
external/iotivity/iotivity_1.2-rel/extlibs/gtest/gtest-1.7.0/fused-src/gtest/gtest-all.cc	7583	sigaction(SIGPROF, &saved_sigprof_action, NULL));
external/iotivity/iotivity_1.2-rel/extlibs/gtest/gtest-1.7.0/src/gtest-death-test.cc	1045	sa_handler = SIG_IGN;
external/iotivity/iotivity_1.2-rel/extlibs/gtest/gtest-1.7.0/src/gtest-death-test.cc	1046	sigaction( SIGPROF, &ignore_sigprof_action, &saved_sigprof_action));
external/iotivity/iotivity_1.2-rel/extlibs/gtest/gtest-1.7.0/src/gtest-death-test.cc	1089	sigaction(SIGPROF, &saved_sigprof_action, NULL));
external/iotivity/iotivity_1.2-rel/extlibs/gtest/gtest-1.7.0/test/gtest-death-test_test.cc	391	sa_sigaction = SigprofAction;
external/iotivity/iotivity_1.2-rel/extlibs/gtest/gtest-1.7.0/test/gtest-death-test_test.cc	393	sigaction(SIGPROF, &signal_action, NULL));
external/iotivity/iotivity_1.2-rel/extlibs/gtest/gtest-1.7.0/test/gtest-death-test_test.cc	406	sa_handler = SIG_IGN;
external/iotivity/iotivity_1.2-rel/extlibs/gtest/gtest-1.7.0/test/gtest-death-test_test.cc	407	sigaction(SIGPROF, &signal_action, old_signal_action));
external/iotivity/iotivity_1.2-rel/extlibs/gtest/gtest-1.7.0/test/gtest-death-test_test.cc	417	sa_sigaction == SigprofAction);
external/iotivity/iotivity_1.2-rel/extlibs/gtest/gtest-1.7.0/test/gtest-death-test_test.cc	426	sa_sigaction == SigprofAction);
external/iotivity/iotivity_1.2-rel/plugins/samples/linux/IotivityandZigbeeClient.c	494	signal(SIGINT, processCancel) == SIG_ERR) { OIC_LOG(ERROR, TAG, );
external/iotivity/iotivity_1.2-rel/plugins/samples/linux/IotivityandZigbeeServer.c	71	signal(SIGINT, processCancel) == SIG_ERR) { OIC_LOG(ERROR, TAG, );
external/iotivity/iotivity_1.2-rel/plugins/zigbee_wrapper/telegesis_wrapper/src/telegesis_socket.c	596	sa_handler = 0 };
external/iotivity/iotivity_1.2-rel/plugins/zigbee_wrapper/telegesis_wrapper/src/telegesis_socket.c	600	sa_handler = sigHandler;
external/iotivity/iotivity_1.2-rel/plugins/zigbee_wrapper/telegesis_wrapper/src/telegesis_socket.c	603	sigaction(EINTR, &action, NULL);
external/iotivity/iotivity_1.2-rel/resource/csdk/connectivity/lib/libcoap-4.1.1/examples/etsi_iot_01.c	739	signal(SIGINT, handle_sigint);
external/iotivity/iotivity_1.2-rel/resource/csdk/connectivity/lib/libcoap-4.1.1/examples/rd.c	696	signal(SIGINT, handle_sigint);
external/iotivity/iotivity_1.2-rel/resource/csdk/connectivity/lib/libcoap-4.1.1/examples/server.c	390	signal(SIGINT, handle_sigint);
external/iotivity/iotivity_1.2-rel/resource/csdk/resource-directory/samples/rd_main.c	53	signal(SIGINT, handleSigInt);
external/iotivity/iotivity_1.2-rel/resource/csdk/security/provisioning/sample/sampleserver_justworks.cpp	441	signal(SIGINT, handleSigInt);
external/iotivity/iotivity_1.2-rel/resource/csdk/security/provisioning/sample/sampleserver_mfg.cpp	493	signal(SIGINT, handleSigInt);
external/iotivity/iotivity_1.2-rel/resource/csdk/security/provisioning/sample/sampleserver_mvjustworks.cpp	488	signal(SIGINT, handleSigInt);
external/iotivity/iotivity_1.2-rel/resource/csdk/security/provisioning/sample/sampleserver_preconfpin.cpp	441	signal(SIGINT, handleSigInt);
external/iotivity/iotivity_1.2-rel/resource/csdk/security/provisioning/sample/sampleserver_randompin.cpp	515	signal(SIGINT, handleSigInt);
external/iotivity/iotivity_1.2-rel/resource/csdk/security/provisioning/unittest/sampleserver1.cpp	561	signal(SIGINT, handleSigInt);
external/iotivity/iotivity_1.2-rel/resource/csdk/security/provisioning/unittest/sampleserver2.cpp	561	signal(SIGINT, handleSigInt);
external/iotivity/iotivity_1.2-rel/resource/csdk/stack/samples/linux/SimpleClientServer/occlient.cpp	915	signal(SIGINT, handleSigInt);
external/iotivity/iotivity_1.2-rel/resource/csdk/stack/samples/linux/SimpleClientServer/occlientbasicops.cpp	601	signal(SIGINT, handleSigInt);
external/iotivity/iotivity_1.2-rel/resource/csdk/stack/samples/linux/SimpleClientServer/occlientcoll.cpp	437	signal(SIGINT, handleSigInt);
external/iotivity/iotivity_1.2-rel/resource/csdk/stack/samples/linux/SimpleClientServer/occlientslow.cpp	317	signal(SIGINT, handleSigInt);
external/iotivity/iotivity_1.2-rel/resource/csdk/stack/samples/linux/SimpleClientServer/ocremoteaccessclient.cpp	538	signal(SIGINT, handleSigInt);
external/iotivity/iotivity_1.2-rel/resource/csdk/stack/samples/linux/SimpleClientServer/ocrouting.cpp	60	signal(SIGINT, handleSigInt);
external/iotivity/iotivity_1.2-rel/resource/csdk/stack/samples/linux/SimpleClientServer/ocserver.cpp	1147	signal(SIGINT, handleSigInt);
external/iotivity/iotivity_1.2-rel/resource/csdk/stack/samples/linux/SimpleClientServer/ocserverbasicops.cpp	326	signal(SIGINT, handleSigInt);
external/iotivity/iotivity_1.2-rel/resource/csdk/stack/samples/linux/SimpleClientServer/ocservercoll.cpp	536	signal(SIGINT, handleSigInt);
external/iotivity/iotivity_1.2-rel/resource/csdk/stack/samples/linux/SimpleClientServer/ocserverslow.cpp	336	signal(SIGALRM, AlarmHandler);
external/iotivity/iotivity_1.2-rel/resource/csdk/stack/samples/linux/SimpleClientServer/ocserverslow.cpp	341	signal(SIGINT, handleSigInt);
external/iotivity/iotivity_1.2-rel/resource/csdk/stack/samples/linux/secure/ocamsservice.cpp	64	signal(SIGINT, handleSigInt);
external/iotivity/iotivity_1.2-rel/resource/csdk/stack/samples/linux/secure/occlientbasicops.cpp	432	signal(SIGINT, handleSigInt);
external/iotivity/iotivity_1.2-rel/resource/csdk/stack/samples/linux/secure/occlientdirectpairing.cpp	620	signal(SIGINT, handleSigInt);
external/iotivity/iotivity_1.2-rel/resource/csdk/stack/samples/linux/secure/ocserverbasicops.cpp	349	signal(SIGINT, handleSigInt);
external/iotivity/iotivity_1.2-rel/resource/csdk/stack/samples/tizen/SimpleClientServer/occlient.cpp	989	signal(SIGINT, handleSigInt);
external/iotivity/iotivity_1.2-rel/resource/csdk/stack/samples/tizen/SimpleClientServer/ocrouting.cpp	93	signal(SIGINT, handleSigInt);
external/iotivity/iotivity_1.2-rel/resource/csdk/stack/samples/tizen/SimpleClientServer/ocserver.cpp	1115	signal(SIGINT, handleSigInt);
external/iotivity/iotivity_1.2-rel/resource/csdk/stack/test/linux/occlient.c	80	signal(SIGINT, handleSigInt);
external/iotivity/iotivity_1.2-rel/resource/csdk/stack/test/linux/ocserver.c	72	signal(SIGINT, handleSigInt);
external/iotivity/iotivity_1.2-rel/service/coap-http-proxy/samples/proxy_client.c	369	signal(SIGINT, handleSigInt);
external/iotivity/iotivity_1.2-rel/service/coap-http-proxy/samples/proxy_main.c	82	signal(SIGINT, handleSigInt);
external/iotjs/deps/libtuv/src/unix/signal.c	185	sa_handler = uv__signal_handler;
external/iotjs/deps/libtuv/src/unix/signal.c	188	sigaction(signum, &sa, NULL)) return -errno;
external/iotjs/deps/libtuv/src/unix/signal.c	200	sa_handler = SIG_DFL;
external/iotjs/deps/libtuv/src/unix/signal.c	206	sigaction(signum, &sa, NULL)) abort();
external/iotjs/deps/libtuv/test/runner_linux.c	65	signal(SIGPIPE, SIG_IGN);
external/libcxx-test/support/assert_checkpoint.h	79	signal(SIGABRT, checkpointSignalHandler);
external/libtuv/source/tinyara/uv_tinyara_signal.c	195	sa_handler = uv__signal_handler;
external/libtuv/source/tinyara/uv_tinyara_signal.c	198	sigaction(signum, &sa, NULL)) return -errno;
external/libtuv/source/tinyara/uv_tinyara_signal.c	210	sa_handler = SIG_DFL;
external/libtuv/source/tinyara/uv_tinyara_signal.c	216	sigaction(signum, &sa, NULL)) abort();
external/mbedtls/net_sockets.c	155	signal(SIGPIPE, SIG_IGN);
external/mbedtls/sha256.c	177	sa_handler = sigill_handler;
external/mbedtls/sha256.c	179	sigaction(SIGILL, &new_action, &old_action);
external/mbedtls/sha256.c	189	sigaction(SIGILL, &old_action, NULL);
external/mbedtls/sha512.c	199	sa_handler = sigill_handler;
external/mbedtls/sha512.c	201	sigaction(SIGILL, &new_action, &old_action);
external/mbedtls/sha512.c	211	sigaction(SIGILL, &old_action, NULL);
external/mosquitto/mosquitto.c	124	signal(SIGPIPE, SIG_IGN);
external/protobuf/src/google/protobuf/compiler/subprocess.cc	366	signal(SIGPIPE, SIG_IGN);
external/protobuf/src/google/protobuf/compiler/subprocess.cc	442	signal(SIGPIPE, old_pipe_handler);
external/telnetd/telnetd_daemon.c	179	sa_handler = SIG_IGN;
external/telnetd/telnetd_daemon.c	181	sigaction(SIGCHLD, &sa, NULL) < 0) { int errval = errno;
external/wakaama/examples/server/lwm2mserver.c	923	signal(SIGINT, handle_sigint);
external/wakaama/examples/shared/tinydtls/tests/dtls-client.c	235	signal(sig, SIG_DFL);
external/wakaama/examples/shared/tinydtls/tests/dtls-client.c	441	signal(SIGINT, dtls_handle_signal) == SIG_ERR) { dtls_alert( );
external/wpa_supplicant/src/utils/eloop.c	167	signal(SIGSEGV, eloop_sigsegv_handler);
external/wpa_supplicant/src/utils/eloop.c	731	signal(SIGALRM, eloop_handle_alarm);
external/wpa_supplicant/src/utils/eloop.c	790	signal(sig, eloop_handle_signal);
framework/src/aifw/aifw_timer.cpp	164	sa_sigaction = aifw_timer_cb;
framework/src/aifw/aifw_timer.cpp	169	sigaction(AIFW_TIMER_SIGNAL, &act, NULL);
framework/src/aifw/aifw_timer.cpp	226	sa_handler = SIG_DFL;
framework/src/aifw/aifw_timer.cpp	227	sigaction(AIFW_TIMER_SIGNAL, &act, NULL);
framework/src/binary_manager/binary_manager_register_callback.c	134	sa_handler = (_sa_handler_t)binary_manager_signal_cb;
framework/src/binary_manager/binary_manager_register_callback.c	139	sigaction(SIGBM_STATE, &act, NULL);
framework/src/binary_manager/binary_manager_register_callback.c	166	sa_handler = SIG_DFL;
framework/src/binary_manager/binary_manager_register_callback.c	167	sigaction(SIGBM_STATE, &act, NULL);
framework/src/binary_manager/binary_manager_register_callback.c	201	sa_handler = SIG_DFL;
framework/src/binary_manager/binary_manager_register_callback.c	202	sigaction(SIGBM_STATE, &act, NULL);
framework/src/messaging/messaging_common.c	94	sa_sigaction = func;
framework/src/messaging/messaging_common.c	104	sigaction(signo, &act, NULL);
framework/src/preference/private_preference.c	291	sa_handler = (_sa_handler_t)preference_signal_cb;
framework/src/preference/private_preference.c	296	sigaction(SIG_PREFERENCE, &act, NULL);
framework/src/preference/shared_preference.c	296	sa_handler = (_sa_handler_t)preference_signal_cb;
framework/src/preference/shared_preference.c	301	sigaction(SIG_PREFERENCE, &act, NULL);
framework/src/task_manager/task_manager_internal.h	239	sa_sigaction = (_sa_sigaction_t)cb;
framework/src/task_manager/task_manager_internal.h	249	sigaction(SIGTM_TERMINATION, &act, NULL);
framework/src/task_manager/task_manager_set_callback.c	213	sa_sigaction = (_sa_sigaction_t)taskmgr_msg_cb;
framework/src/task_manager/task_manager_set_callback.c	223	sigaction(SIGTM_UNICAST, &act, NULL);
framework/src/task_manager/task_manager_set_callback.c	258	sa_sigaction = (_sa_sigaction_t)taskmgr_msg_cb;
framework/src/task_manager/task_manager_set_callback.c	266	sigaction(SIGTM_BROADCAST, &act, NULL);
lib/libc/aio/lio_listio.c	208	sigaction(SIGPOLL, &sighand->oact, NULL);
lib/libc/aio/lio_listio.c	311	sa_sigaction = lio_sighandler;
lib/libc/aio/lio_listio.c	317	sigaction(SIGPOLL, &act, &sighand->oact);
lib/libc/signal/sig_ignore.c	78	sa_handler = SIG_IGN;
lib/libc/signal/sig_ignore.c	82	sigaction(sig, &act, NULL);
lib/libc/signal/sig_set.c	92	sigset(int sig, CODE void (*func)(int sig)))(int sig) { _sa_handler_t disposition = SIG_ERR;
lib/libc/signal/sig_set.c	115	signal(sig, func);
lib/libc/signal/sig_set.c	125	signal(sig, disposition);
lib/libc/signal/signal.c	89	signal(int sig, CODE void (*func)(int sig)))(int sig) { struct sigaction act;
lib/libc/signal/signal.c	99	sa_handler = func;
lib/libc/signal/signal.c	124	sigaction(sig, &act, &oact);
os/board/bk7239n/src/components/psa_mbedtls/mbedtls/library/net_sockets.c	114	signal(SIGPIPE, SIG_IGN);
os/board/bk7239n/src/components/psa_mbedtls/mbedtls/library/sha256.c	163	sa_handler = sigill_handler;
os/board/bk7239n/src/components/psa_mbedtls/mbedtls/library/sha256.c	165	sigaction(SIGILL, &new_action, &old_action);
os/board/bk7239n/src/components/psa_mbedtls/mbedtls/library/sha256.c	175	sigaction(SIGILL, &old_action, NULL);
os/board/bk7239n/src/components/psa_mbedtls/mbedtls/library/sha512.c	183	sa_handler = sigill_handler;
os/board/bk7239n/src/components/psa_mbedtls/mbedtls/library/sha512.c	185	sigaction(SIGILL, &new_action, &old_action);
os/board/bk7239n/src/components/psa_mbedtls/mbedtls/library/sha512.c	195	sigaction(SIGILL, &old_action, NULL);
os/board/bk7239n/src/components/psa_mbedtls/mbedtls/programs/ssl/ssl_fork_server.c	105	signal(SIGCHLD, SIG_IGN);
os/board/bk7239n/src/components/psa_mbedtls/mbedtls/programs/ssl/ssl_server2.c	1629	signal(SIGTERM, term_handler);
os/board/bk7239n/src/components/psa_mbedtls/mbedtls/programs/ssl/ssl_server2.c	1630	signal(SIGINT, term_handler);
os/board/bk7239n/src/components/psa_mbedtls/mbedtls/programs/test/benchmark.c	428	signal(signum, sighandler);
os/board/bk7239n/src/components/psa_mbedtls/mbedtls/programs/test/benchmark.c	434	signal(SIGALRM, sighandler);
os/board/bk7239n/src/components/psa_mbedtls/mbedtls_port/src/net_sockets.c	131	signal( SIGPIPE, SIG_IGN );
os/board/bk7239n/src/components/psa_mbedtls/mbedtls_port/src/timing_alt.c	89	signal( signum, sighandler );
os/board/bk7239n/src/components/psa_mbedtls/mbedtls_port/src/timing_alt.c	100	signal( SIGALRM, sighandler );
os/board/bk7239n/src/components/tfm_mbedtls/mbedtls/library/net_sockets.c	132	signal( SIGPIPE, SIG_IGN );
os/board/bk7239n/src/components/tfm_mbedtls/mbedtls/programs/ssl/ssl_fork_server.c	119	signal( SIGCHLD, SIG_IGN );
os/board/bk7239n/src/components/tfm_mbedtls/mbedtls/programs/ssl/ssl_server2.c	1457	signal( SIGTERM, term_handler );
os/board/bk7239n/src/components/tfm_mbedtls/mbedtls/programs/ssl/ssl_server2.c	1458	signal( SIGINT, term_handler );
os/board/bk7239n/src/components/tfm_mbedtls/mbedtls/programs/test/benchmark.c	441	signal( signum, sighandler );
os/board/bk7239n/src/components/tfm_mbedtls/mbedtls/programs/test/benchmark.c	447	signal( SIGALRM, sighandler );
os/board/bk7239n/src/components/wpa_supplicant-2.10/hostapd/hlr_auc_gw.c	1081	signal(SIGTERM, handle_term);
os/board/bk7239n/src/components/wpa_supplicant-2.10/hostapd/hlr_auc_gw.c	1082	signal(SIGINT, handle_term);
os/board/rtl8720e/src/component/network/iperf3/iperf_api.c	3639	signal(SIGINT, handler);
os/board/rtl8720e/src/component/network/iperf3/iperf_api.c	3640	signal(SIGTERM, handler);
os/board/rtl8720e/src/component/network/iperf3/iperf_api.c	3641	signal(SIGHUP, handler);
os/drivers/task_manager/task_manager_drv.c	85	sa_handler = (_sa_handler_t)usr_pause_handler;
os/drivers/task_manager/task_manager_drv.c	87	sig_sethandler(tcb, SIGTM_PAUSE, &act);
os/include/signal.h	341	sa_sigaction = (f)->sa_sigaction;
os/include/signal.h	570	sigset(int sig, CODE void (*func)(int sig)))(int sig);
os/include/signal.h	577	signal(int sig, CODE void (*func)(int sig)))(int sig);
os/include/signal.h	602	sigaction(int sig, FAR const struct sigaction *act, FAR struct sigaction *oact);
os/include/tinyara/signal.h	56	sig_sethandler(struct tcb_s *tcb, int signo, struct sigaction *act);
os/kernel/signal/sig_action.c	183	sigaction(int signo, FAR const struct sigaction *act, FAR struct sigaction *oact) { FAR struct tcb_s *rtcb = this_task();
os/kernel/signal/sig_action.c	218	sa_handler = NULL;
os/kernel/signal/sig_action.c	265	sa_handler == SIG_IGN) { if (sigact) { sq_rem((FAR sq_entry_t *)sigact, &rtcb->sigactionq);
os/kernel/signal/sig_sethandler.c	56	sig_sethandler(struct tcb_s *tcb, int signo, struct sigaction *act) { sigactq_t *sigact;
os/kernel/task/task_activate.c	123	sa_sigaction = (_sa_sigaction_t)thread_termination_handler;
os/kernel/task/task_activate.c	127	sig_sethandler(tcb, SIGKILL, &act);
os/syscall/proxies/PROXY_sigaction.c	7	sigaction(int parm1, FAR const struct sigaction* parm2, FAR struct sigaction* parm3) { return (int)sys_call3((unsigned int)SYS_sigaction, (uintptr_t)parm1, (uintptr_t)parm2, (uintptr_t)parm3);
os/syscall/stubs/STUB_sigaction.c	12	sigaction((int)parm1, (FAR const struct sigaction*)parm2, (FAR struct sigaction*)parm3);
